[
  {
    "question": "How can Bestratia improve my business’s online presence?",
    "answer": "Be Stratia conducts an in-depth analysis of your business to identify unique opportunities. They offer personalized strategies in SEO, advertising campaigns, and social media to boost your visibility and attract your target audience.  Which industries do they specialize in? Be Stratia works with businesses across multiple sectors, tailoring their strategies to each industry's specific needs. From local shops to tech companies, their approach is flexible and results-driven."
  },
  {
    "question": "How is Bestratia’s SEO service different from others?",
    "answer": "Their SEO approach is based on thorough market and competitor analysis. They create fully customized, data-driven strategies to maximize organic ranking and sustain long-term visibility."
  },
  {
    "question": "Can they help with social media strategy and management?",
    "answer": "Yes, Be Stratia provides comprehensive social media management—from creating engaging content to designing strategies that foster audience interaction and increase your reach."
  },
  {
    "question": "How do they measure the success of digital marketing campaigns?",
    "answer": "They use specific metrics such as ROI, conversion rates, and web traffic growth, along with detailed reports to ensure campaigns meet established objectives."
  },
  {
    "question": "What’s the process to start working with Bestratia?",
    "answer": "The process includes an initial analysis of your business, setting SMART goals, a customized strategy proposal, implementation, and ongoing tracking with data-based adjustments."
  },
  {
    "question": "How does AI automation benefit my business?",
    "answer": "Bestratia’s AI tools automate tasks such as customer service, invoice management, and repetitive operations—saving time, reducing errors, and boosting your team’s productivity."
  },
  {
    "question": "Can Bestratia help with website redesigns?",
    "answer": "Absolutely. They offer web design and online store services that enhance user experience and optimize functionality to increase conversions."
  },
  {
    "question": "What digital marketing services do they offer?",
    "answer": "Their services include SEO, ad campaigns (Google Ads, Meta Plus+), web design, email marketing, social media management, and CRM implementation, among others."
  },
  {
    "question": "How can SEO improve my business?",
    "answer": "By improving your ranking in search engines, SEO increases your business’s visibility, attracts qualified traffic, and creates more sales opportunities."
  },
  {
    "question": "What is the Digital Kit and how can I access it?",
    "answer": "It's a government grant for business digitalization. As a certified digital agent, Be Stratia helps you efficiently manage access to these funds."
  },
  {
    "question": "How can AI automate my business processes?",
    "answer": "AI can automate administrative tasks like phone support or predictive data analysis, saving time and reducing costs—allowing your team to focus on strategic actions."
  },
  {
    "question": "How do I start working with Bestratia?",
    "answer": "You can contact them through their website. After an initial consultation, they’ll define the next steps with you to implement strategies that grow your business."
  },
  {
    "question": "How can I request a quote for digital marketing services?",
    "answer": "You can request a quote directly through Be Stratia’s website. After an initial consultation, the team will analyze your specific needs and provide a customized proposal aligned with your goals and budget."
  },
  {
    "question": "How long does it take to see SEO results?",
    "answer": "SEO results typically appear between 3 to 6 months, depending on your industry’s competition and your website’s starting condition. Bestratia focuses on long-term strategies that ensure sustainable organic growth."
  },
  {
    "question": "What tools do they use for AI automation?",
    "answer": "Bestratia uses advanced AI tools such as virtual assistants, custom chatbots, and predictive analytics software to automate tasks and enhance business efficiency."
  },
  {
    "question": "Does Bestratia offer content marketing services?",
    "answer": "Yes, they provide comprehensive content marketing strategies including blog writing, SEO-optimized articles, videos, and visual content designed to attract and retain your audience."
  },
  {
    "question": "How does Bestratia support email marketing strategy?",
    "answer": "Be Stratia develops personalized email marketing campaigns—from audience segmentation to designing engaging emails—ensuring effective communication and high conversion rates."
  },
  {
    "question": "Can I hire only specific services?",
    "answer": "Absolutely. Be Stratia offers flexibility, allowing you to choose only the services that match your current needs—whether SEO, web design, social media, or others."
  },
  {
    "question": "What are the benefits of responsive web design?",
    "answer": "Responsive design ensures your website is accessible and functional across all devices, improving user experience, reducing bounce rates, and supporting better search engine ranking."
  },
  {
    "question": "Do they provide support after completing a project?",
    "answer": "Yes, Be Stratia offers ongoing support even after the project is completed, to ensure results stay optimized and adjustments can be made as needed."
  },
  {
    "question": "How can I get more information about the Digital Kit?",
    "answer": "You can visit the dedicated section on their website or contact Be Stratia directly. They will guide you through the process and help you access this government support."
  },
  {
    "question": "Does Bestratia work with international companies?",
    "answer": "Yes, Be Stratia collaborates with international businesses, tailoring strategies to different markets and cultures to ensure a strong global impact.  📍 Office Location: Centro de Empresas, Coslada, Spain 📅 Book a meeting: Bestratia Booking Calendar"
  },
  {
    "question": "What platforms do you use for website development?",
    "answer": "We specialize in developing websites using popular platforms such as WordPress, Shopify, and custom-built solutions tailored to your business needs. We also also have expert web developers that have professional knowledge of different programming languages for web development."
  },
  {
    "question": "Can you assist with e-commerce store optimization?",
    "answer": "Yes, we provide e-commerce optimization services that enhance site speed, improve product listings, and implement SEO strategies to boost sales."
  },
  {
    "question": "Do you provide multilingual website solutions?",
    "answer": "Absolutely! We create websites with multilingual capabilities to help businesses reach global audiences."
  },
  {
    "question": "What types of businesses benefit most from your services?",
    "answer": "We work with businesses of all sizes, from startups to large enterprises, across industries like retail, healthcare, real estate, and more."
  },
  {
    "question": "How do you ensure data security in digital marketing campaigns?",
    "answer": "We follow best practices in data protection, including encryption, secure servers, and GDPR compliance to safeguard your business and customer data."
  },
  {
    "question": "What strategies do you use to improve local SEO?",
    "answer": "We optimize Google My Business profiles, implement local keywords, and create location-specific content to boost your visibility in local search results."
  },
  {
    "question": "Can you train my team on digital marketing best practices?",
    "answer": "Yes, we offer personalized training sessions to equip your team with skills in SEO, social media management, and content marketing."
  },
  {
    "question": "How do you handle negative online reviews or reputation issues?",
    "answer": "We manage your online reputation by addressing negative feedback professionally, encouraging positive reviews, and enhancing your brand's image."
  },
  {
    "question": "What is your approach to content localization for global markets?",
    "answer": "We tailor content to align with cultural preferences, language nuances, and local trends to ensure your message resonates with international audiences."
  },
  {
    "question": "Do you offer influencer marketing services?",
    "answer": "Yes, we connect businesses with relevant influencers to promote products or services, increasing brand exposure and customer trust."
  },
  {
    "question": "Do you offer pay-per-click (PPC) advertising services?",
    "answer": "Yes, we provide PPC services on platforms like Google Ads, Facebook, and Instagram. Our approach involves keyword research, ad creation, and continuous performance monitoring. We optimize campaigns to improve click-through rates (CTR) and achieve better return on investment (ROI)."
  },
  {
    "question": "Can you help with website speed optimization?",
    "answer": "Absolutely! We enhance your website’s speed by optimizing images, leveraging browser caching, and minimizing code. This ensures faster load times, improving both user experience and SEO rankings."
  },
  {
    "question": "Do you provide graphic design services?",
    "answer": "Yes, our graphic design team creates eye-catching visuals for websites, social media, and marketing materials. We focus on aligning designs with your brand identity to leave a lasting impression."
  },
  {
    "question": "What kind of reporting do you provide for campaigns?",
    "answer": "We deliver detailed performance reports that include website traffic insights, keyword rankings, conversion rates, and audience demographics. Our reports provide clear analysis and actionable recommendations."
  },
  {
    "question": "Can you help with branding strategy?",
    "answer": "Yes, we offer branding solutions that include logo design, brand voice development, and marketing materials. Our strategies aim to create a consistent and memorable brand image for your audience."
  },
  {
    "question": "What security measures do you implement in the websites you develop?",
    "answer": "We implement multiple layers of security to protect your website. This includes SSL certificates to encrypt data, advanced firewalls to block unauthorized access, and threat detection systems that identify and prevent attacks in real-time. We also follow best practices for secure coding and conduct regular security audits to ensure ongoing protection for your site."
  },
  {
    "question": "How can you help retain customers in the long term?",
    "answer": "We apply effective retention strategies such as loyalty programs that reward customer commitment, personalized email marketing campaigns to maintain direct contact with your audience, and engaging content that encourages ongoing interaction. Additionally, we analyze customer behavior to design experiences that strengthen the bond with your brand."
  },
  {
    "question": "Do you offer marketing automation to improve efficiency?",
    "answer": "Yes, we implement automation tools that optimize your marketing campaigns. These tools allow you to schedule bulk personalized email sends, automate lead follow-ups, and generate detailed reports to assess campaign performance. This saves you time, improves accuracy, and ensures continuous communication with your customers."
  },
  {
    "question": "What makes Bestratia different from other digital agencies?",
    "answer": "We distinguish ourselves by offering more than just marketing services—we deliver strategic business growth solutions. Our approach is data-driven, fully personalized, and focused on tangible outcomes. While many agencies offer templated services, we take the time to deeply understand each client’s business model, target audience, and competition. We then build a tailored strategy that integrates SEO, automation, branding, and AI to ensure sustainable growth and measurable ROI."
  },
  {
    "question": "Can I monitor campaign performance in real-time?",
    "answer": "Yes, transparency is one of our core values. We provide our clients with access to real-time performance dashboards that show key campaign metrics such as traffic sources, conversion rates, click-through rates (CTR), ad spend, and return on investment (ROI). These dashboards allow you to make informed decisions, track progress, and stay fully engaged in your campaign’s performance without needing to wait for monthly reports."
  },
  {
    "question": "Do you offer bilingual or Spanish-speaking support?",
    "answer": "Absolutely. We are based in Spain and serve a global audience, so we offer full bilingual support in both Spanish and English. This ensures seamless communication for both local and international clients, making it easier for us to understand your goals, address concerns, and deliver excellent service in your preferred language."
  },
  {
    "question": "Can Bestratia help with lead generation strategies?",
    "answer": "Yes, lead generation is one of our core strengths. We build high-performing lead funnels using tools like landing pages, Facebook lead forms, Google Ads, retargeting campaigns, and CRM automation. We also integrate follow-up systems like SMS/email workflows and AI chatbots to increase conversion rates and maintain engagement with leads until they are ready to convert into paying customers."
  },
  {
    "question": "What kind of businesses can benefit from your AI solutions?",
    "answer": "We work with businesses of all sizes—from startups to enterprises—that are looking to optimize workflows, reduce manual labor, and scale operations efficiently. Our AI tools are highly flexible and can be applied to industries such as real estate (automated listing responses), retail (smart product recommendations), health (appointment scheduling bots), and service businesses (invoice automation, client follow-ups, and virtual support)."
  },
  {
    "question": "Do you help promote mobile apps or run mobile-first campaigns?",
    "answer": "Yes, we specialize in mobile-first marketing strategies. Whether you are launching a mobile app or want to improve your reach among mobile users, we design and implement campaigns across platforms like Google UAC, Meta Ads, TikTok, and Instagram. We also provide App Store Optimization (ASO) services to increase your app’s visibility and downloads organically."
  },
  {
    "question": "Do you offer video marketing services?",
    "answer": "Yes, we believe video is one of the most powerful storytelling tools. Our team produces high-impact videos, including product explainers, social media reels, promotional ads, testimonial edits, and educational content. We also help distribute these videos strategically across YouTube, Instagram, LinkedIn, and Facebook to reach the right audiences and drive engagement."
  },
  {
    "question": "Can you audit my current marketing or website strategy?",
    "answer": "Absolutely. We provide in-depth audits that analyze your website’s SEO health, content structure, user experience (UX), current marketing performance, and competitive landscape. We compile our findings into a detailed report with clear recommendations that help you identify weaknesses and unlock new growth opportunities—even if you’re not ready to commit to a full service package."
  },
  {
    "question": "Is there a long-term contract required to work with you?",
    "answer": "No, we offer flexible working arrangements based on your goals and preferences. While long-term collaborations often yield better results, we also work on project-based and month-to-month models for clients who prefer agility or want to test our services. Transparency, trust, and value creation guide all of our client relationships."
  },
  {
    "question": "Can you manage my online reviews and reputation?",
    "answer": "Yes, we offer comprehensive online reputation management. This includes monitoring reviews across platforms like Google, Yelp, and Facebook; helping you professionally respond to negative feedback; encouraging positive testimonials; and strengthening your brand image. We also provide reputation repair strategies if your business has suffered from false or outdated reviews."
  },
  {
    "question": "What industries have seen the best results with your services?",
    "answer": "We have helped clients in industries such as e-commerce, health and wellness, coaching and consulting, real estate, legal, hospitality, and education achieve transformational results. However, our strategies are not limited to any single niche—we adapt our methods to match your industry and audience with precision."
  },
  {
    "question": "Do you help with landing page creation for marketing campaigns?",
    "answer": "Yes, we design custom landing pages optimized for lead generation, sales, and specific offers. We focus on creating compelling headlines, clear CTAs, fast load times, and mobile responsiveness—all backed by A/B testing and conversion tracking. Whether it’s for Google Ads, email campaigns, or social promotions, we make sure your landing pages convert."
  },
  {
    "question": "Can you run international or multilingual ad campaigns?",
    "answer": "Yes. As a multilingual team with global experience, we run localized campaigns targeting different countries, languages, and cultural segments. From keyword research in multiple languages to culturally relevant ad copy and creatives, we ensure your brand resonates across borders."
  },
  {
    "question": "Do you offer strategic consultations without requiring a full plan?",
    "answer": "Yes, we do. You can book a one-time strategy session or audit with our experts to get clarity on your current digital position, receive high-level recommendations, and identify quick wins. There’s no obligation to commit to a long-term package, and many clients find these sessions incredibly valuable."
  },
  {
    "question": "How much does it cost to work with Bestratia?",
    "answer": "Our pricing varies depending on the services required, the project scope, and your business goals. We offer customized plans adapted to each client’s budget. We always begin with a free initial consultation to understand your needs before presenting a clear and transparent proposal."
  },
  {
    "question": "Can you help fully digitize my traditional business?",
    "answer": "Yes. We specialize in helping physical businesses transition into the digital space. From building your online store and integrating booking systems to implementing CRMs and automation tools, we’ll design a roadmap to bring your business online and start generating digital revenue."
  },
  {
    "question": "Do you have experience working with startups?",
    "answer": "Yes, we frequently work with early-stage startups. We help them build a strong digital foundation, define their value proposition, position themselves in the market, attract leads, and scale sustainably."
  },
  {
    "question": "Can you build my brand from scratch (name, logo, visual identity)?",
    "answer": "Yes. Our creative team can develop your naming, logo, color palette, typography, tone of voice, and the entire visual brand system. Our goal is to help you create a memorable and consistent brand that builds trust from the very first impression."
  },
  {
    "question": "What kind of reports will I receive as a client?",
    "answer": "We provide detailed performance reports with key metrics, visual graphs, comparative analysis, KPI tracking, and improvement suggestions. We also offer personal explanations so you can easily understand the data and make informed decisions."
  },
  {
    "question": "How involved do I need to be as a client?",
    "answer": "We adapt to your availability. Some clients prefer to be very involved, while others delegate everything to us. Either way, you’ll always have access to campaign progress, and we’ll keep you updated regularly—no daily micromanagement needed.  Which ad platforms do you use? We work with platforms like Google Ads, Meta Ads (Facebook & Instagram), TikTok Ads, LinkedIn Ads, and others depending on your target audience. We select the most effective channels based on your industry and conversion goals."
  },
  {
    "question": "How long does it take to launch a campaign from scratch?",
    "answer": "It depends on the type of campaign, but typically it takes 7 to 15 business days from brief approval to campaign launch. If we receive all necessary info on time, we can expedite the process."
  },
  {
    "question": "Do you design content for social media or do I have to provide it?",
    "answer": "We can take care of all your content creation, including designs, videos, copywriting, and scheduling. However, if you prefer to send us media or ideas, we’ll adapt and optimize them to match your brand."
  },
  {
    "question": "Can you help me rank my business on Google Maps?",
    "answer": "Yes, we optimize your Google My Business profile by uploading photos, collecting reviews, using local keywords, and posting regularly. This increases your visibility in local searches and helps attract nearby customers."
  },
  {
    "question": "Can you integrate tools I already use like WhatsApp, Mailchimp, or Calendly?",
    "answer": "Yes. We integrate your existing tools into our digital ecosystem so everything works seamlessly and automatically. If needed, we can also migrate you to more efficient platforms."
  },
  {
    "question": "What if I already have an in-house marketing team?",
    "answer": "We’re happy to collaborate as a strategic partner alongside your internal team. We can support them in areas like performance marketing, design, automation, or AI implementation—wherever they need reinforcement."
  },
  {
    "question": "Do you have experience with event promotions or product launches?",
    "answer": "Yes. We manage campaigns before, during, and after your event or product launch using teaser content, lead generation strategies, remarketing, and follow-up automations to maximize impact and results."
  },
  {
    "question": "Do you guarantee results?",
    "answer": "We don’t guarantee specific results (no ethical agency does), but we do guarantee commitment, transparency, continuous improvement, and data-backed strategies. Our focus is on delivering sustainable success—not empty promises."
  },
  {
    "question": "Can I scale services with you as my business grows?",
    "answer": "Absolutely. Our services are designed to be scalable. As your business expands, we can incorporate new strategies, platforms, and tools to support your growth and reach new markets."
  },
  {
    "question": "Can you help recover a poorly performing website or campaign?",
    "answer": "Yes. We specialize in turnaround strategies. Whether your website is outdated, not converting, or your current campaigns aren’t delivering ROI, we conduct a full audit and provide redesigns or data-driven optimizations. Our goal is to revive and maximize the value of underperforming assets."
  },
  {
    "question": "Do you offer copywriting services for websites, ads, and emails?",
    "answer": "Absolutely. Our content team creates persuasive, SEO-friendly, and brand-aligned copy for landing pages, email campaigns, social media, and paid ads. We craft words that sell, connect, and drive measurable action."
  },
  {
    "question": "Can you help set up or manage my CRM system?",
    "answer": "Yes. We implement and manage CRM systems that help you save time, reduce costs, and streamline customer acquisition and retention. We automate lead follow-ups, pipeline tracking, and client nurturing to boost efficiency and close more deals."
  },
  {
    "question": "Do you offer white-label services for agencies?",
    "answer": "Yes. We collaborate with agencies and freelancers by offering white-label services in SEO, paid media, automation, design, and more. We act as your silent partner, delivering results under your brand."
  },
  {
    "question": "What if I’m not sure what service I need?",
    "answer": "No problem. That’s why we offer a free strategic consultation. We’ll assess your current challenges, goals, and budget—then recommend the most impactful solutions. No pressure, no obligations—just clarity."
  },
  {
    "question": "Can you help me grow my email list?",
    "answer": "Yes. We implement lead generation strategies using lead magnets, gated content, pop-ups, social campaigns, and high-converting landing pages. We also integrate forms with your CRM or email platform to grow a high-quality subscriber base."
  },
  {
    "question": "Do you provide onboarding or documentation after a project is delivered?",
    "answer": "Yes. Once a project is completed, we provide training sessions, walkthroughs, Standard Operating Procedures (SOPs), and Service Level Agreements (SLAs) where needed. Our goal is to empower you or your team to scale with confidence."
  },
  {
    "question": "Do you work with personal brands (coaches, consultants, influencers)?",
    "answer": "Yes, and we love it. We help personal brands build authority online, grow visibility, and generate qualified leads through strategic branding, content creation, and automation—whether you're a coach, influencer, author, or expert."
  },
  {
    "question": "How do you manage client communication and updates?",
    "answer": "We communicate through Slack or email, based on your preference. We schedule regular check-ins, milestone updates, and performance reviews to keep you informed and aligned every step of the way."
  },
  {
    "question": "Can you run campaigns on TikTok and YouTube?",
    "answer": "Yes. We create and manage short-form and video ad campaigns on TikTok and YouTube. From scripting and editing to targeting and analytics, we handle the full video ad lifecycle."
  },
  {
    "question": "Can I pause my campaign or project if needed?",
    "answer": "Yes, we understand that business priorities can shift. Our flexible contracts allow for campaign pauses or rescheduling with advance notice. We'll save your progress and pick up right where we left off."
  },
  {
    "question": "Do you provide hosting or domain services?",
    "answer": "While we don't directly host websites or sell domains, we assist you in selecting, purchasing, and connecting to trusted providers. We also help with email setup, SSL security, backups, and performance configuration."
  },
  {
    "question": "Can you help optimize my sales funnel from top to bottom?",
    "answer": "Yes. We design and optimize complete marketing funnels—from traffic generation and lead capture to automation sequences, upsells, and retargeting. Whether it’s a webinar funnel, product launch, or evergreen offer, we’ve got you covered."
  },
  {
    "question": "How do you ensure my brand stays consistent across all platforms?",
    "answer": "We begin with a brand strategy session to define your tone, visual identity, and messaging. We then apply it consistently across all channels—ensuring every touchpoint reflects your brand values and voice."
  },
  {
    "question": "Can I upgrade or add services later if I start with a small package?",
    "answer": "Absolutely. Many of our clients begin with a focused package, then scale as they grow. We make it easy to add new services like email marketing, PPC, automation, or design based on your evolving needs.  Contact & Company Info – Bestratia"
  },
  {
    "question": "Where is Bestratia located?",
    "answer": "We have multiple office locations across Spain to better serve our clients:  📍 Main Office – Madrid Europa Avenue 10, Coslada 28821, Madrid, Spain  📍 Barcelona Office Calle Cardenal Reig, 28 BIS, 08028 Barcelona, Spain  📍 Alcoy Office Plaza España, 10B, 03801 Alcoy, Spain"
  },
  {
    "question": "How can I book an appointment with Bestratia?",
    "answer": "You can book a free strategy session or consultation via our online booking calendar: 📅 Book Now via our Appointment Calendar Simply select a time that works for you, and we’ll follow up to confirm."
  },
  {
    "question": "What are your business hours?",
    "answer": "🕒 Business Hours (CET – Madrid Time):  Monday to Thursday: 9:00 AM – 6:00 PM  Friday: 9:00 AM – 2:00 PM  Saturday & Sunday: Closed We recommend booking an appointment in advance for in-person visits."
  },
  {
    "question": "What phone number can I use to contact you?",
    "answer": "📞 Main Line (Call or WhatsApp): +34 611 14 29 46 Available during working hours. For quicker responses, WhatsApp is preferred."
  },
  {
    "question": "What is your contact email address?",
    "answer": "📧 Email (All Inquiries): marketing@bestratia.com We typically respond within 24 hours on business days."
  },
  {
    "question": "Do you offer support in Spanish and English?",
    "answer": "Yes! Our team offers full bilingual support in Spanish and English, so feel free to reach out in whichever language you're most comfortable with."
  },
  {
    "question": "Where can I follow you on social media?",
    "answer": "Stay connected with us on social media for updates, tips, and client success stories:  🔗 LinkedIn – Be Stratia https://www.linkedin.com/company/be-stratia/"
  },
  {
    "question": "Can I visit the office without an appointment?",
    "answer": "We recommend booking in advance to ensure the right team member is available. Walk-ins are welcome, but assistance may be limited if the team is in sessions or meetings."
  },
  {
    "question": "Is there a contact form on your website?",
    "answer": "Yes! Visit our website to request a quote, ask a question, or leave a message: 🌐 www.bestratia.com"
  },
  {
    "question": "What kind of results can I expect, and how soon?",
    "answer": "Every project is different, but most clients start seeing results within the first few weeks for paid campaigns and between 3 to 6 months for organic SEO. We focus on generating sustainable, measurable results aligned with your business goals."
  },
  {
    "question": "What if I already have a website or brand, but it doesn’t reflect who I am?",
    "answer": "We can help you redefine and reposition your brand without losing its essence. We’ll redesign your website, refresh your visual identity, and fine-tune your key messages so they resonate with your ideal audience."
  },
  {
    "question": "Do you work with local businesses or only large companies?",
    "answer": "We work with all types of businesses: local shops, startups, freelancers, SMEs, and large enterprises. We tailor each strategy based on your stage of growth, budget, and short- or long-term goals."
  },
  {
    "question": "Do you offer consulting services without requiring a monthly contract?",
    "answer": "Yes. You can book a one-time strategic consultation to get expert advice, audit your digital presence, or clarify doubts—without having to sign up for a full monthly plan."
  },
  {
    "question": "Can you work alongside my in-house marketing team?",
    "answer": "Absolutely. We seamlessly integrate with internal teams as an external partner or support unit, bringing in technical expertise, creativity, or automation where needed."
  },
  {
    "question": "Do you offer industry-specific solutions (health, legal, real estate, etc.)?",
    "answer": "Yes. We’ve worked in industries such as logistics, marketing and sales, healthcare, law, education, e-commerce, real estate, coaching, and more. We adapt every strategy to your industry’s regulations, customer behavior, and best practices."
  },
  {
    "question": "Do you offer remarketing or retargeting campaigns?",
    "answer": "Yes. We create intelligent retargeting campaigns to re-engage users who visited your site or interacted with your ads—boosting your chances of converting them into customers."
  },
  {
    "question": "Can you help me expand my business outside of Spain?",
    "answer": "Yes. We have experience running international and multilingual campaigns for clients looking to enter English-speaking, Latin American, or broader European markets. We tailor content, targeting, and strategy for each region."
  },
  {
    "question": "What if my business is just starting and I don’t have social media yet?",
    "answer": "That’s perfectly fine! We can help you build from scratch—creating your profiles, developing a content strategy, designing visuals, and launching your first paid campaigns."
  },
  {
    "question": "Do you have experience building funnels for digital products?",
    "answer": "Yes. We design tailored funnels for ebooks, online courses, memberships, webinars, and coaching programs, optimizing every step for maximum conversions."
  },
  {
    "question": "How many people are on your team?",
    "answer": "We have a multidisciplinary team of experts in SEO, design, development, analysis, paid media, automation, content, AI, and digital strategy. We also collaborate with specialized partners depending on the needs of each project."
  },
  {
    "question": "Do you offer AI solutions for customer service?",
    "answer": "Yes. We implement custom chatbots, virtual assistants, and automations that enhance customer service, increase response speed, and reduce manual workload."
  },
  {
    "question": "What’s the first thing you do when someone signs up with Bestratia?",
    "answer": "We begin with a discovery session, where we analyze your business, target audience, goals, and challenges. Then, we present a fully personalized strategy tailored to your needs."
  },
  {
    "question": "What makes Bestratia different from other agencies?",
    "answer": "We are a results-driven agency with a human touch, offering personalized service and cutting-edge tech solutions. We truly commit to every project—as if it were our own."
  }
]